Fund Name,P1,P2,P3,P4,P5,Topsis Score,Rank
M1,0.93,0.86,6.9,32.1,10.2,0.6568246813608912,3.0
M2,0.73,0.53,5.5,36.9,10.92,0.7507442242528632,2.0
M3,0.77,0.59,3.7,34.5,9.89,0.834669716472082,1.0
M4,0.61,0.37,3.6,54.7,14.82,0.38659050631435843,6.0
M5,0.73,0.53,7.0,57.3,16.39,0.20489354804132592,8.0
M6,0.67,0.45,6.3,46.4,13.46,0.47228704243057956,5.0
M7,0.93,0.86,3.6,55.6,15.25,0.25781450881467294,7.0
M8,0.8,0.64,5.1,40.9,11.86,0.6235072426142194,4.0
